,event_id,stations,network_time,ref_time,ref_duration,ref_amplitude,ref_energy,signal_type
0,20180101T000303Z,['DK.ILULI.'],0.0,2018-01-01T00:03:03.463392Z,21.08,1430.98735815,20064746.3155,amplitude
1,20180101T000447Z,['DK.ILULI.'],0.0,2018-01-01T00:04:47.023392Z,5.38,1534.28622713,4534565.33556,amplitude
2,20180101T000711Z,['DK.ILULI.'],0.0,2018-01-01T00:07:11.263392Z,14.14,1542.82061783,17506879.5034,amplitude
3,20180101T000835Z,['DK.ILULI.'],0.0,2018-01-01T00:08:35.343392Z,72.9,1615.59733394,64044838.144,amplitude
4,20180101T001601Z,['DK.ILULI.'],0.0,2018-01-01T00:16:01.263392Z,68.82,1408.22341215,39890890.13,amplitude
5,20180101T002232Z,['DK.ILULI.'],0.0,2018-01-01T00:22:32.083392Z,7.92,1390.40851039,6950664.66348,amplitude
6,20180101T002422Z,['DK.ILULI.'],0.0,2018-01-01T00:24:22.843392Z,11.08,1330.14988423,9199694.72894,amplitude
7,20180101T002827Z,['DK.ILULI.'],0.0,2018-01-01T00:28:27.583392Z,34.24,1599.36648545,32231591.2769,amplitude
8,20180101T003029Z,['DK.ILULI.'],0.0,2018-01-01T00:30:29.923392Z,56.3,1501.38445281,32721676.1842,amplitude
9,20180101T003233Z,['DK.ILULI.'],0.0,2018-01-01T00:32:33.263392Z,28.88,1591.18124711,35903911.6626,amplitude
10,20180101T004343Z,['DK.ILULI.'],0.0,2018-01-01T00:43:43.763392Z,14.8,1328.08615816,10712133.6993,amplitude
11,20180101T004749Z,['DK.ILULI.'],0.0,2018-01-01T00:47:49.183392Z,81.42,1987.13910099,70002575.3442,amplitude
12,20180101T005302Z,['DK.ILULI.'],0.0,2018-01-01T00:53:02.263392Z,29.92,1339.32608236,22802539.1148,amplitude
13,20180101T010001Z,['DK.ILULI.'],0.0,2018-01-01T01:00:01.523392Z,63.02,1645.44428849,51231829.9321,amplitude
14,20180101T010640Z,['DK.ILULI.'],0.0,2018-01-01T01:06:40.063392Z,76.92,2194.6668118,49235015.0633,amplitude
15,20180101T010912Z,['DK.ILULI.'],0.0,2018-01-01T01:09:12.543392Z,15.52,1390.61599591,17213353.4608,amplitude
16,20180101T011244Z,['DK.ILULI.'],0.0,2018-01-01T01:12:44.583392Z,11.9,1529.73682441,11819961.9166,amplitude
17,20180101T011504Z,['DK.ILULI.'],0.0,2018-01-01T01:15:04.583392Z,9.08,1997.55338356,7171097.54646,amplitude
18,20180101T011652Z,['DK.ILULI.'],0.0,2018-01-01T01:16:52.303392Z,59.74,1723.1500599,38635192.7158,amplitude
19,20180101T012204Z,['DK.ILULI.'],0.0,2018-01-01T01:22:04.323392Z,15.84,1474.74988879,16505016.7409,amplitude
20,20180101T012413Z,['DK.ILULI.'],0.0,2018-01-01T01:24:13.703392Z,14.72,1543.77837003,15039905.6739,amplitude
21,20180101T012610Z,['DK.ILULI.'],0.0,2018-01-01T01:26:10.203392Z,87.12,1398.57437561,50804308.742,amplitude
22,20180101T012915Z,['DK.ILULI.'],0.0,2018-01-01T01:29:15.463392Z,77.78,2077.85204226,42446858.1402,amplitude
23,20180101T013316Z,['DK.ILULI.'],0.0,2018-01-01T01:33:16.783392Z,7.56,1467.34625173,4919176.40982,amplitude
24,20180101T013522Z,['DK.ILULI.'],0.0,2018-01-01T01:35:22.983392Z,72.34,1694.48648442,41787130.956,amplitude
25,20180101T013924Z,['DK.ILULI.'],0.0,2018-01-01T01:39:24.363392Z,52.6,1919.65272561,29391076.0145,amplitude
26,20180101T014300Z,['DK.ILULI.'],0.0,2018-01-01T01:43:00.183392Z,62.82,1389.8322309,31185339.0882,amplitude
27,20180101T014527Z,['DK.ILULI.'],0.0,2018-01-01T01:45:27.343392Z,37.36,2326.06209213,44500339.0466,amplitude
28,20180101T014900Z,['DK.ILULI.'],0.0,2018-01-01T01:49:00.143392Z,46.8,2266.1305835,35044943.8377,amplitude
29,20180101T015454Z,['DK.ILULI.'],0.0,2018-01-01T01:54:54.723392Z,19.16,3111.67122855,20555354.4531,amplitude
30,20180101T020005Z,['DK.ILULI.'],0.0,2018-01-01T02:00:05.783392Z,20.8,2620.12789812,25528951.8637,amplitude
31,20180101T020202Z,['DK.ILULI.'],0.0,2018-01-01T02:02:02.443392Z,13.38,1242.56009698,10340615.3521,amplitude
32,20180101T020455Z,['DK.ILULI.'],0.0,2018-01-01T02:04:55.343392Z,17.62,2292.5453381,16452596.7757,amplitude
33,20180101T020831Z,['DK.ILULI.'],0.0,2018-01-01T02:08:31.923392Z,117.7,3104.78462372,123845979.312,amplitude
34,20180101T021423Z,['DK.ILULI.'],0.0,2018-01-01T02:14:23.323392Z,15.48,3089.41752318,30976115.8954,amplitude
35,20180101T021820Z,['DK.ILULI.'],0.0,2018-01-01T02:18:20.483392Z,26.8,2817.07231571,44134536.616,amplitude
36,20180101T022202Z,['DK.ILULI.'],0.0,2018-01-01T02:22:02.123392Z,16.36,2792.40238297,26524133.7392,amplitude
37,20180101T022537Z,['DK.ILULI.'],0.0,2018-01-01T02:25:37.483392Z,22.86,2873.59555042,32381436.4959,amplitude
38,20180101T022900Z,['DK.ILULI.'],0.0,2018-01-01T02:29:00.343392Z,25.08,3347.41763921,42000568.1124,amplitude
39,20180101T023244Z,['DK.ILULI.'],0.0,2018-01-01T02:32:44.463392Z,27.66,2522.19519354,35698716.4293,amplitude
40,20180101T023617Z,['DK.ILULI.'],0.0,2018-01-01T02:36:17.883392Z,22.92,2279.93620538,28691125.6723,amplitude
41,20180101T024008Z,['DK.ILULI.'],0.0,2018-01-01T02:40:08.863392Z,40.72,4248.6398461,74744723.7034,amplitude
42,20180101T024350Z,['DK.ILULI.'],0.0,2018-01-01T02:43:50.403392Z,20.02,3004.85998041,30964134.8019,amplitude
43,20180101T024527Z,['DK.ILULI.'],0.0,2018-01-01T02:45:27.503392Z,11.64,1709.71404113,16817251.5057,amplitude
44,20180101T024705Z,['DK.ILULI.'],0.0,2018-01-01T02:47:05.443392Z,23.42,4220.63494614,49784684.969,amplitude
45,20180101T025017Z,['DK.ILULI.'],0.0,2018-01-01T02:50:17.043392Z,25.06,2845.60355549,38875348.8377,amplitude
46,20180101T025250Z,['DK.ILULI.'],0.0,2018-01-01T02:52:50.103392Z,28.46,4249.943212,83747147.9283,amplitude
47,20180101T025446Z,['DK.ILULI.'],0.0,2018-01-01T02:54:46.683392Z,128.28,6238.3442259,250595937.969,amplitude
48,20180101T030617Z,['DK.ILULI.'],0.0,2018-01-01T03:06:17.983392Z,7.0,1604.72692461,7864029.27202,amplitude
49,20180101T031733Z,['DK.ILULI.'],0.0,2018-01-01T03:17:33.403392Z,18.24,2065.18307592,28952502.6775,amplitude
50,20180101T033046Z,['DK.ILULI.'],0.0,2018-01-01T03:30:46.703392Z,49.56,1439.83353939,41247953.9629,amplitude
51,20180101T033253Z,['DK.ILULI.'],0.0,2018-01-01T03:32:53.023392Z,79.2,1713.36240745,55221380.2762,amplitude
52,20180101T034223Z,['DK.ILULI.'],0.0,2018-01-01T03:42:23.103392Z,9.74,1472.28974762,9399239.01467,amplitude
53,20180101T034841Z,['DK.ILULI.'],0.0,2018-01-01T03:48:41.263392Z,8.66,1309.69216291,6720460.66548,amplitude
54,20180101T035311Z,['DK.ILULI.'],0.0,2018-01-01T03:53:11.883392Z,7.48,1212.89018035,4693162.69803,amplitude
55,20180101T035458Z,['DK.ILULI.'],0.0,2018-01-01T03:54:58.063392Z,78.7,1641.32250954,58211755.2969,amplitude
56,20180101T035903Z,['DK.ILULI.'],0.0,2018-01-01T03:59:03.003392Z,13.48,1327.84399504,13122263.9052,amplitude
57,20180101T040100Z,['DK.ILULI.'],0.0,2018-01-01T04:01:00.103392Z,9.46,1329.35321003,7181480.10738,amplitude
58,20180101T040553Z,['DK.ILULI.'],0.0,2018-01-01T04:05:53.903392Z,10.98,1605.21406333,12493868.5797,amplitude
59,20180101T040901Z,['DK.ILULI.'],0.0,2018-01-01T04:09:01.323392Z,27.6,1512.74653504,17779804.9908,amplitude
60,20180101T041701Z,['DK.ILULI.'],0.0,2018-01-01T04:17:01.083392Z,19.94,1697.48154153,24375618.9867,amplitude
61,20180101T042019Z,['DK.ILULI.'],0.0,2018-01-01T04:20:19.543392Z,130.76,1471.6197342,70160371.8074,amplitude
62,20180101T042411Z,['DK.ILULI.'],0.0,2018-01-01T04:24:11.543392Z,23.42,1500.21105921,20605283.2919,amplitude
63,20180101T042708Z,['DK.ILULI.'],0.0,2018-01-01T04:27:08.883392Z,63.0,1368.87130802,29746120.8987,amplitude
64,20180101T043122Z,['DK.ILULI.'],0.0,2018-01-01T04:31:22.183392Z,10.4,1500.16475668,8110263.10319,amplitude
65,20180101T043354Z,['DK.ILULI.'],0.0,2018-01-01T04:33:54.643392Z,9.08,1369.74642103,6491711.27279,amplitude
66,20180101T043653Z,['DK.ILULI.'],0.0,2018-01-01T04:36:53.603392Z,83.46,1499.80860988,44392555.7429,amplitude
67,20180101T044100Z,['DK.ILULI.'],0.0,2018-01-01T04:41:00.703392Z,17.68,1486.42403303,17550151.0146,amplitude
68,20180101T044352Z,['DK.ILULI.'],0.0,2018-01-01T04:43:52.983392Z,12.78,1438.57971914,10913753.9933,amplitude
69,20180101T044751Z,['DK.ILULI.'],0.0,2018-01-01T04:47:51.423392Z,3.8,1460.81727095,1655981.58136,amplitude
70,20180101T044932Z,['DK.ILULI.'],0.0,2018-01-01T04:49:32.563392Z,6.98,1329.89719477,5038277.23931,amplitude
71,20180101T045744Z,['DK.ILULI.'],0.0,2018-01-01T04:57:44.763392Z,26.1,1363.43353059,20548531.1799,amplitude
72,20180101T050220Z,['DK.ILULI.'],0.0,2018-01-01T05:02:20.823392Z,56.38,1553.34481042,36283326.1558,amplitude
73,20180101T050820Z,['DK.ILULI.'],0.0,2018-01-01T05:08:20.403392Z,29.96,1422.59324302,27283481.6983,amplitude
74,20180101T051105Z,['DK.ILULI.'],0.0,2018-01-01T05:11:05.263392Z,4.62,1327.61452639,2258059.70569,amplitude
75,20180101T051409Z,['DK.ILULI.'],0.0,2018-01-01T05:14:09.163392Z,8.8,1480.72159339,8406840.38449,amplitude
76,20180101T051811Z,['DK.ILULI.'],0.0,2018-01-01T05:18:11.803392Z,25.54,1391.24466949,24425188.2514,amplitude
77,20180101T052016Z,['DK.ILULI.'],0.0,2018-01-01T05:20:16.403392Z,13.76,1543.79143458,12736401.8899,amplitude
78,20180101T052232Z,['DK.ILULI.'],0.0,2018-01-01T05:22:32.103392Z,11.24,1450.20070094,10081066.0379,amplitude
79,20180101T052413Z,['DK.ILULI.'],0.0,2018-01-01T05:24:13.463392Z,8.56,1175.94169223,4450478.69091,amplitude
80,20180101T053147Z,['DK.ILULI.'],0.0,2018-01-01T05:31:47.703392Z,35.08,1285.06380514,31621162.6468,amplitude
81,20180101T053612Z,['DK.ILULI.'],0.0,2018-01-01T05:36:12.463392Z,7.1,1429.3384377,5064424.12933,amplitude
82,20180101T054346Z,['DK.ILULI.'],0.0,2018-01-01T05:43:46.883392Z,15.78,1470.66459148,18708351.0182,amplitude
83,20180101T054554Z,['DK.ILULI.'],0.0,2018-01-01T05:45:54.763392Z,11.76,1524.44137336,10842555.2003,amplitude
84,20180101T054918Z,['DK.ILULI.'],0.0,2018-01-01T05:49:18.083392Z,9.76,1372.8349731,8211200.31624,amplitude
85,20180101T055516Z,['DK.ILULI.'],0.0,2018-01-01T05:55:16.763392Z,15.94,1489.24982974,14096016.576,amplitude
86,20180101T055711Z,['DK.ILULI.'],0.0,2018-01-01T05:57:11.903392Z,24.78,1478.45012319,22086377.1843,amplitude
87,20180101T055854Z,['DK.ILULI.'],0.0,2018-01-01T05:58:54.623392Z,200.74,1665.57620169,125504266.226,amplitude
88,20180101T060607Z,['DK.ILULI.'],0.0,2018-01-01T06:06:07.423392Z,14.2,1502.07175143,15343409.2695,amplitude
89,20180101T061425Z,['DK.ILULI.'],0.0,2018-01-01T06:14:25.483392Z,13.28,1569.73844655,14430920.7255,amplitude
90,20180101T061556Z,['DK.ILULI.'],0.0,2018-01-01T06:15:56.283392Z,19.04,1424.94570902,16297695.2241,amplitude
91,20180101T061842Z,['DK.ILULI.'],0.0,2018-01-01T06:18:42.903392Z,6.96,1185.22226144,4515845.51312,amplitude
92,20180101T062634Z,['DK.ILULI.'],0.0,2018-01-01T06:26:34.083392Z,19.88,1736.54822988,18670341.1014,amplitude
93,20180101T062945Z,['DK.ILULI.'],0.0,2018-01-01T06:29:45.983392Z,25.88,1313.96567997,24353507.009,amplitude
94,20180101T063532Z,['DK.ILULI.'],0.0,2018-01-01T06:35:32.403392Z,14.76,1237.35394521,12395124.9871,amplitude
95,20180101T063829Z,['DK.ILULI.'],0.0,2018-01-01T06:38:29.583392Z,10.0,1346.93895911,6959094.81309,amplitude
96,20180101T064116Z,['DK.ILULI.'],0.0,2018-01-01T06:41:16.803392Z,9.5,1279.92370998,7205813.84399,amplitude
97,20180101T064455Z,['DK.ILULI.'],0.0,2018-01-01T06:44:55.363392Z,74.26,1341.64716193,40890763.8032,amplitude
98,20180101T064821Z,['DK.ILULI.'],0.0,2018-01-01T06:48:21.803392Z,39.5,1626.99232286,35976218.6038,amplitude
99,20180101T065149Z,['DK.ILULI.'],0.0,2018-01-01T06:51:49.063392Z,12.72,1242.08351779,10360068.7938,amplitude
100,20180101T065357Z,['DK.ILULI.'],0.0,2018-01-01T06:53:57.043392Z,6.92,1235.24536628,4519547.20242,amplitude
101,20180101T065525Z,['DK.ILULI.'],0.0,2018-01-01T06:55:25.923392Z,18.44,1175.56815546,13101877.229,amplitude
102,20180101T070150Z,['DK.ILULI.'],0.0,2018-01-01T07:01:50.003392Z,77.08,1449.68812032,39767065.2775,amplitude
103,20180101T071156Z,['DK.ILULI.'],0.0,2018-01-01T07:11:56.423392Z,18.38,1517.02683015,20165451.8774,amplitude
104,20180101T071405Z,['DK.ILULI.'],0.0,2018-01-01T07:14:05.083392Z,11.7,1371.6725942,12517744.6494,amplitude
105,20180101T071634Z,['DK.ILULI.'],0.0,2018-01-01T07:16:34.463392Z,9.06,1236.39994425,5986681.71493,amplitude
106,20180101T071818Z,['DK.ILULI.'],0.0,2018-01-01T07:18:18.663392Z,6.82,1184.22304236,4320776.27585,amplitude
107,20180101T072254Z,['DK.ILULI.'],0.0,2018-01-01T07:22:54.343392Z,14.94,1156.54945496,10396994.9992,amplitude
108,20180101T072734Z,['DK.ILULI.'],0.0,2018-01-01T07:27:34.363392Z,61.06,1258.8780174,30254496.1071,amplitude
109,20180101T072938Z,['DK.ILULI.'],0.0,2018-01-01T07:29:38.443392Z,23.4,1249.53856122,19274334.7337,amplitude
110,20180101T073353Z,['DK.ILULI.'],0.0,2018-01-01T07:33:53.143392Z,10.8,1371.7919138,8306632.08747,amplitude
111,20180101T073612Z,['DK.ILULI.'],0.0,2018-01-01T07:36:12.083392Z,81.28,1561.57731861,60396467.9811,amplitude
112,20180101T074038Z,['DK.ILULI.'],0.0,2018-01-01T07:40:38.803392Z,27.84,1454.46828615,24190675.7073,amplitude
113,20180101T074816Z,['DK.ILULI.'],0.0,2018-01-01T07:48:16.603392Z,6.6,1217.85011217,4689072.73039,amplitude
114,20180101T075039Z,['DK.ILULI.'],0.0,2018-01-01T07:50:39.083392Z,4.14,1402.32280183,1771595.03942,amplitude
115,20180101T075151Z,['DK.ILULI.'],0.0,2018-01-01T07:51:51.543392Z,30.56,1606.11563809,24813753.0559,amplitude
116,20180101T075422Z,['DK.ILULI.'],0.0,2018-01-01T07:54:22.243392Z,19.8,1586.21614813,20677281.6687,amplitude
117,20180101T075631Z,['DK.ILULI.'],0.0,2018-01-01T07:56:31.383392Z,58.9,1473.95515023,45303747.9745,amplitude
118,20180101T075834Z,['DK.ILULI.'],0.0,2018-01-01T07:58:34.103392Z,9.76,1534.3371808,9505727.64466,amplitude
119,20180101T080729Z,['DK.ILULI.'],0.0,2018-01-01T08:07:29.863392Z,7.8,1108.28263119,5001192.64552,amplitude
120,20180101T081113Z,['DK.ILULI.'],0.0,2018-01-01T08:11:13.223392Z,16.34,1781.86375294,22729401.1794,amplitude
121,20180101T081502Z,['DK.ILULI.'],0.0,2018-01-01T08:15:02.623392Z,13.96,1408.2890694,10934371.3203,amplitude
122,20180101T081821Z,['DK.ILULI.'],0.0,2018-01-01T08:18:21.363392Z,7.94,1128.13960221,3430850.96186,amplitude
123,20180101T082054Z,['DK.ILULI.'],0.0,2018-01-01T08:20:54.243392Z,151.22,1446.89254869,73002792.6611,amplitude
124,20180101T083024Z,['DK.ILULI.'],0.0,2018-01-01T08:30:24.303392Z,23.86,1317.06554571,18176029.5176,amplitude
125,20180101T083553Z,['DK.ILULI.'],0.0,2018-01-01T08:35:53.563392Z,25.94,1241.28698592,17433926.1985,amplitude
126,20180101T083757Z,['DK.ILULI.'],0.0,2018-01-01T08:37:57.663392Z,92.72,1318.12276103,43460253.5777,amplitude
127,20180101T084427Z,['DK.ILULI.'],0.0,2018-01-01T08:44:27.203392Z,8.78,1336.25196118,6211530.14686,amplitude
128,20180101T085013Z,['DK.ILULI.'],0.0,2018-01-01T08:50:13.663392Z,8.22,1139.6379418,5604063.65971,amplitude
129,20180101T085254Z,['DK.ILULI.'],0.0,2018-01-01T08:52:54.803392Z,17.64,1239.16661106,11059584.0831,amplitude
130,20180101T085758Z,['DK.ILULI.'],0.0,2018-01-01T08:57:58.223392Z,9.94,1176.69550185,6232791.89149,amplitude
131,20180101T090135Z,['DK.ILULI.'],0.0,2018-01-01T09:01:35.703392Z,13.46,1160.27571595,9846751.66493,amplitude
132,20180101T090327Z,['DK.ILULI.'],0.0,2018-01-01T09:03:27.323392Z,81.12,1292.49848096,47365439.9298,amplitude
133,20180101T090920Z,['DK.ILULI.'],0.0,2018-01-01T09:09:20.063392Z,9.52,1213.74875222,6154067.16017,amplitude
134,20180101T091150Z,['DK.ILULI.'],0.0,2018-01-01T09:11:50.743392Z,4.12,1195.59637667,2205778.77894,amplitude
135,20180101T091434Z,['DK.ILULI.'],0.0,2018-01-01T09:14:34.303392Z,36.98,1203.61073794,20040855.1662,amplitude
136,20180101T092117Z,['DK.ILULI.'],0.0,2018-01-01T09:21:17.643392Z,52.6,1872.71897145,42648309.8529,amplitude
137,20180101T092337Z,['DK.ILULI.'],0.0,2018-01-01T09:23:37.583392Z,56.08,1413.41793162,40109719.8267,amplitude
138,20180101T093045Z,['DK.ILULI.'],0.0,2018-01-01T09:30:45.983392Z,12.62,1692.43011263,11895708.7674,amplitude
139,20180101T093526Z,['DK.ILULI.'],0.0,2018-01-01T09:35:26.963392Z,10.72,1232.82132852,6103986.02279,amplitude
140,20180101T093832Z,['DK.ILULI.'],0.0,2018-01-01T09:38:32.323392Z,4.0,1258.85793508,1974377.29114,amplitude
141,20180101T094645Z,['DK.ILULI.'],0.0,2018-01-01T09:46:45.683392Z,21.24,2037.81808461,13467570.1728,amplitude
142,20180101T094838Z,['DK.ILULI.'],0.0,2018-01-01T09:48:38.003392Z,48.6,1329.85586023,24198968.7114,amplitude
143,20180101T095052Z,['DK.ILULI.'],0.0,2018-01-01T09:50:52.183392Z,10.6,1189.2422782,6789575.33574,amplitude
144,20180101T095302Z,['DK.ILULI.'],0.0,2018-01-01T09:53:02.983392Z,6.54,1175.6019532,3575876.2525,amplitude
145,20180101T095813Z,['DK.ILULI.'],0.0,2018-01-01T09:58:13.763392Z,8.78,1248.17853013,6112170.461,amplitude
146,20180101T095926Z,['DK.ILULI.'],0.0,2018-01-01T09:59:26.963392Z,95.16,1354.92981486,50929472.0516,amplitude
147,20180101T100212Z,['DK.ILULI.'],0.0,2018-01-01T10:02:12.883392Z,88.76,1510.8418899,44905191.1191,amplitude
148,20180101T100625Z,['DK.ILULI.'],0.0,2018-01-01T10:06:25.063392Z,16.1,1399.64710765,9553816.76186,amplitude
149,20180101T100808Z,['DK.ILULI.'],0.0,2018-01-01T10:08:08.583392Z,24.44,1238.78365068,19651354.8341,amplitude
150,20180101T101250Z,['DK.ILULI.'],0.0,2018-01-01T10:12:50.343392Z,3.76,1284.73727205,1341943.75598,amplitude
151,20180101T101511Z,['DK.ILULI.'],0.0,2018-01-01T10:15:11.783392Z,69.92,1327.37677597,32849511.889,amplitude
152,20180101T101737Z,['DK.ILULI.'],0.0,2018-01-01T10:17:37.783392Z,52.0,1447.89956996,33580688.5733,amplitude
153,20180101T102001Z,['DK.ILULI.'],0.0,2018-01-01T10:20:01.023392Z,36.24,1520.06118998,28159627.4879,amplitude
154,20180101T102636Z,['DK.ILULI.'],0.0,2018-01-01T10:26:36.863392Z,35.8,1379.35644708,21775281.7254,amplitude
155,20180101T103146Z,['DK.ILULI.'],0.0,2018-01-01T10:31:46.963392Z,7.68,937.575139349,3491688.80717,amplitude
156,20180101T103441Z,['DK.ILULI.'],0.0,2018-01-01T10:34:41.503392Z,14.42,1663.5670474,12991158.2419,amplitude
157,20180101T103626Z,['DK.ILULI.'],0.0,2018-01-01T10:36:26.163392Z,6.3,2362.87949611,6017217.11696,amplitude
158,20180101T103925Z,['DK.ILULI.'],0.0,2018-01-01T10:39:25.203392Z,269.74,1649.0944817,135107526.321,amplitude
159,20180101T104520Z,['DK.ILULI.'],0.0,2018-01-01T10:45:20.843392Z,3.14,1406.32204189,1176507.1738,amplitude
160,20180101T104925Z,['DK.ILULI.'],0.0,2018-01-01T10:49:25.283392Z,19.9,1401.70037262,12666000.8027,amplitude
161,20180101T105321Z,['DK.ILULI.'],0.0,2018-01-01T10:53:21.263392Z,45.78,1404.34238291,30155551.5578,amplitude
162,20180101T105819Z,['DK.ILULI.'],0.0,2018-01-01T10:58:19.263392Z,11.96,1358.52571058,9309518.70631,amplitude
163,20180101T110018Z,['DK.ILULI.'],0.0,2018-01-01T11:00:18.443392Z,8.02,1568.22262964,6360601.48254,amplitude
164,20180101T110201Z,['DK.ILULI.'],0.0,2018-01-01T11:02:01.863392Z,103.4,1770.82698964,68145021.8383,amplitude
165,20180101T110944Z,['DK.ILULI.'],0.0,2018-01-01T11:09:44.483392Z,14.72,1340.27136587,9805928.15436,amplitude
166,20180101T111203Z,['DK.ILULI.'],0.0,2018-01-01T11:12:03.943392Z,14.66,1232.44986526,8517675.31896,amplitude
167,20180101T111611Z,['DK.ILULI.'],0.0,2018-01-01T11:16:11.723392Z,76.68,1476.73320016,45628949.1796,amplitude
168,20180101T112420Z,['DK.ILULI.'],0.0,2018-01-01T11:24:20.023392Z,16.58,1404.95841518,14318051.1169,amplitude
169,20180101T112638Z,['DK.ILULI.'],0.0,2018-01-01T11:26:38.463392Z,59.92,1409.90914734,28750965.0633,amplitude
170,20180101T112855Z,['DK.ILULI.'],0.0,2018-01-01T11:28:55.003392Z,45.34,1543.80013648,31786695.9868,amplitude
171,20180101T113440Z,['DK.ILULI.'],0.0,2018-01-01T11:34:40.443392Z,8.18,1394.28764532,7227442.38932,amplitude
172,20180101T113619Z,['DK.ILULI.'],0.0,2018-01-01T11:36:19.343392Z,3.22,1098.04337495,1263097.75938,amplitude
173,20180101T114009Z,['DK.ILULI.'],0.0,2018-01-01T11:40:09.103392Z,6.68,1223.91390467,3921067.69158,amplitude
174,20180101T114350Z,['DK.ILULI.'],0.0,2018-01-01T11:43:50.743392Z,35.04,1280.80827382,19515932.5696,amplitude
175,20180101T114621Z,['DK.ILULI.'],0.0,2018-01-01T11:46:21.803392Z,1.64,808.857392897,187564.031807,amplitude
176,20180101T114930Z,['DK.ILULI.'],0.0,2018-01-01T11:49:30.143392Z,5.34,1166.705827,3029909.57097,amplitude
177,20180101T115119Z,['DK.ILULI.'],0.0,2018-01-01T11:51:19.603392Z,33.9,1257.23811836,16074541.562,amplitude
178,20180101T115953Z,['DK.ILULI.'],0.0,2018-01-01T11:59:53.563392Z,19.72,1504.19129176,11819035.6308,amplitude
179,20180101T120118Z,['DK.ILULI.'],0.0,2018-01-01T12:01:18.743392Z,26.18,1259.77283643,16215307.9553,amplitude
180,20180101T120249Z,['DK.ILULI.'],0.0,2018-01-01T12:02:49.263392Z,223.42,1626.38231312,128118348.272,amplitude
181,20180101T121538Z,['DK.ILULI.'],0.0,2018-01-01T12:15:38.683392Z,19.08,1233.69223196,13904060.4867,amplitude
182,20180101T122139Z,['DK.ILULI.'],0.0,2018-01-01T12:21:39.143392Z,180.64,1380.72130885,83003590.8902,amplitude
183,20180101T123237Z,['DK.ILULI.'],0.0,2018-01-01T12:32:37.083392Z,11.24,1273.5789681,8521032.49137,amplitude
184,20180101T123811Z,['DK.ILULI.'],0.0,2018-01-01T12:38:11.423392Z,102.42,1338.96532073,57218734.0898,amplitude
185,20180101T124255Z,['DK.ILULI.'],0.0,2018-01-01T12:42:55.643392Z,6.4,1199.57646091,3816233.79863,amplitude
186,20180101T124500Z,['DK.ILULI.'],0.0,2018-01-01T12:45:00.003392Z,18.2,1274.6272733,13856388.3039,amplitude
187,20180101T125046Z,['DK.ILULI.'],0.0,2018-01-01T12:50:46.663392Z,3.94,1179.05571921,1342122.4196,amplitude
188,20180101T125443Z,['DK.ILULI.'],0.0,2018-01-01T12:54:43.203392Z,2.16,1422.97200922,789853.380917,amplitude
189,20180101T125550Z,['DK.ILULI.'],0.0,2018-01-01T12:55:50.363392Z,7.08,1397.74579796,5456598.17837,amplitude
190,20180101T125704Z,['DK.ILULI.'],0.0,2018-01-01T12:57:04.043392Z,51.8,1438.76415996,25847485.0806,amplitude
191,20180101T125900Z,['DK.ILULI.'],0.0,2018-01-01T12:59:00.043392Z,11.6,1381.03369943,10022667.6425,amplitude
192,20180101T130354Z,['DK.ILULI.'],0.0,2018-01-01T13:03:54.563392Z,7.56,1506.89522033,6427597.80559,amplitude
193,20180101T130611Z,['DK.ILULI.'],0.0,2018-01-01T13:06:11.723392Z,157.5,4395.09132425,117031922.673,amplitude
194,20180101T131555Z,['DK.ILULI.'],0.0,2018-01-01T13:15:55.403392Z,15.32,1355.82051972,13678325.6989,amplitude
195,20180101T132757Z,['DK.ILULI.'],0.0,2018-01-01T13:27:57.783392Z,9.38,1301.08560928,5856601.61094,amplitude
196,20180101T133047Z,['DK.ILULI.'],0.0,2018-01-01T13:30:47.503392Z,69.44,1389.33697254,44040189.7711,amplitude
197,20180101T133358Z,['DK.ILULI.'],0.0,2018-01-01T13:33:58.183392Z,28.74,1750.03087356,42312635.2405,amplitude
198,20180101T133837Z,['DK.ILULI.'],0.0,2018-01-01T13:38:37.643392Z,10.36,1319.36190786,8703844.30027,amplitude
199,20180101T135051Z,['DK.ILULI.'],0.0,2018-01-01T13:50:51.683392Z,10.24,1501.92449564,7850345.84437,amplitude
200,20180101T135442Z,['DK.ILULI.'],0.0,2018-01-01T13:54:42.243392Z,8.92,1284.94025294,5411598.80456,amplitude
201,20180101T140158Z,['DK.ILULI.'],0.0,2018-01-01T14:01:58.663392Z,11.54,1250.70064701,8764844.0864,amplitude
202,20180101T140501Z,['DK.ILULI.'],0.0,2018-01-01T14:05:01.543392Z,18.94,1587.93567656,16622383.8635,amplitude
203,20180101T140821Z,['DK.ILULI.'],0.0,2018-01-01T14:08:21.343392Z,6.92,1246.78004745,4603189.26225,amplitude
204,20180101T141132Z,['DK.ILULI.'],0.0,2018-01-01T14:11:32.563392Z,9.66,1351.68508493,6034216.91376,amplitude
205,20180101T142016Z,['DK.ILULI.'],0.0,2018-01-01T14:20:16.203392Z,12.04,1317.44656799,10819539.3582,amplitude
206,20180101T142421Z,['DK.ILULI.'],0.0,2018-01-01T14:24:21.123392Z,14.22,1262.84373538,8773537.36815,amplitude
207,20180101T142601Z,['DK.ILULI.'],0.0,2018-01-01T14:26:01.183392Z,10.24,1532.92412951,10240201.5312,amplitude
208,20180101T142727Z,['DK.ILULI.'],0.0,2018-01-01T14:27:27.323392Z,207.3,1554.26157432,102645722.796,amplitude
209,20180101T143601Z,['DK.ILULI.'],0.0,2018-01-01T14:36:01.883392Z,15.98,1319.61299623,12514602.3828,amplitude
210,20180101T143913Z,['DK.ILULI.'],0.0,2018-01-01T14:39:13.703392Z,47.2,1610.36671466,35184182.793,amplitude
211,20180101T144106Z,['DK.ILULI.'],0.0,2018-01-01T14:41:06.483392Z,10.76,1304.33727695,8038859.76868,amplitude
212,20180101T144929Z,['DK.ILULI.'],0.0,2018-01-01T14:49:29.683392Z,8.96,1257.96704626,5229643.97648,amplitude
213,20180101T145208Z,['DK.ILULI.'],0.0,2018-01-01T14:52:08.883392Z,7.78,1289.39050442,5860280.33144,amplitude
214,20180101T145531Z,['DK.ILULI.'],0.0,2018-01-01T14:55:31.923392Z,5.92,1308.62454211,3422221.89818,amplitude
215,20180101T150329Z,['DK.ILULI.'],0.0,2018-01-01T15:03:29.903392Z,4.62,1304.97648954,2101714.41853,amplitude
216,20180101T150909Z,['DK.ILULI.'],0.0,2018-01-01T15:09:09.823392Z,45.14,1578.49878169,28375267.6645,amplitude
217,20180101T151933Z,['DK.ILULI.'],0.0,2018-01-01T15:19:33.923392Z,152.5,1623.36187803,88937155.7784,amplitude
218,20180101T152935Z,['DK.ILULI.'],0.0,2018-01-01T15:29:35.423392Z,13.4,1536.84347075,10083548.0647,amplitude
219,20180101T153230Z,['DK.ILULI.'],0.0,2018-01-01T15:32:30.923392Z,11.26,1116.06177984,5467957.26848,amplitude
220,20180101T153343Z,['DK.ILULI.'],0.0,2018-01-01T15:33:43.663392Z,8.2,1331.19810463,4795323.40311,amplitude
221,20180101T153546Z,['DK.ILULI.'],0.0,2018-01-01T15:35:46.363392Z,9.2,1252.02532636,5353588.20755,amplitude
222,20180101T153759Z,['DK.ILULI.'],0.0,2018-01-01T15:37:59.743392Z,16.24,1312.29328787,10935248.7306,amplitude
223,20180101T154317Z,['DK.ILULI.'],0.0,2018-01-01T15:43:17.143392Z,16.28,1184.38520394,12092241.5658,amplitude
224,20180101T154522Z,['DK.ILULI.'],0.0,2018-01-01T15:45:22.583392Z,26.34,1210.6743705,16098432.9286,amplitude
225,20180101T154720Z,['DK.ILULI.'],0.0,2018-01-01T15:47:20.323392Z,21.18,1301.78897151,14924391.6214,amplitude
226,20180101T154848Z,['DK.ILULI.'],0.0,2018-01-01T15:48:48.803392Z,5.26,1660.80786405,4342547.82045,amplitude
227,20180101T155021Z,['DK.ILULI.'],0.0,2018-01-01T15:50:21.563392Z,15.62,1513.53756792,13408666.6569,amplitude
228,20180101T155356Z,['DK.ILULI.'],0.0,2018-01-01T15:53:56.883392Z,7.68,1201.45721308,4589720.83148,amplitude
229,20180101T155557Z,['DK.ILULI.'],0.0,2018-01-01T15:55:57.823392Z,13.68,1277.77602052,6948096.18698,amplitude
230,20180101T155852Z,['DK.ILULI.'],0.0,2018-01-01T15:58:52.243392Z,71.7,1782.20771158,42524365.2734,amplitude
231,20180101T160736Z,['DK.ILULI.'],0.0,2018-01-01T16:07:36.003392Z,3.96,1290.57066295,1784680.48844,amplitude
232,20180101T160934Z,['DK.ILULI.'],0.0,2018-01-01T16:09:34.983392Z,1.94,1189.42710674,624754.209184,amplitude
233,20180101T161335Z,['DK.ILULI.'],0.0,2018-01-01T16:13:35.243392Z,55.46,1278.67935793,23397302.0061,amplitude
234,20180101T161905Z,['DK.ILULI.'],0.0,2018-01-01T16:19:05.823392Z,3.58,1467.85468078,1232929.97,amplitude
235,20180101T162039Z,['DK.ILULI.'],0.0,2018-01-01T16:20:39.863392Z,64.1,1514.1606465,26191203.5267,amplitude
236,20180101T162515Z,['DK.ILULI.'],0.0,2018-01-01T16:25:15.883392Z,10.94,1682.80231249,13318300.1527,amplitude
237,20180101T162904Z,['DK.ILULI.'],0.0,2018-01-01T16:29:04.383392Z,14.92,1322.44397825,11660618.7504,amplitude
238,20180101T163021Z,['DK.ILULI.'],0.0,2018-01-01T16:30:21.143392Z,3.0,1123.32190177,1014263.55311,amplitude
239,20180101T163203Z,['DK.ILULI.'],0.0,2018-01-01T16:32:03.463392Z,9.84,1267.35069022,7264335.84811,amplitude
240,20180101T163404Z,['DK.ILULI.'],0.0,2018-01-01T16:34:04.823392Z,14.5,1350.03088836,11787487.439,amplitude
241,20180101T163825Z,['DK.ILULI.'],0.0,2018-01-01T16:38:25.183392Z,8.64,1188.26313615,6439084.24878,amplitude
242,20180101T164138Z,['DK.ILULI.'],0.0,2018-01-01T16:41:38.083392Z,2.28,1030.53437119,487662.852522,amplitude
243,20180101T164339Z,['DK.ILULI.'],0.0,2018-01-01T16:43:39.863392Z,7.4,1142.97934741,3790317.80852,amplitude
244,20180101T164527Z,['DK.ILULI.'],0.0,2018-01-01T16:45:27.803392Z,93.68,1408.34798911,47256835.3654,amplitude
245,20180101T165353Z,['DK.ILULI.'],0.0,2018-01-01T16:53:53.143392Z,51.28,1605.66037194,34540933.5993,amplitude
246,20180101T165837Z,['DK.ILULI.'],0.0,2018-01-01T16:58:37.403392Z,8.94,1197.631559,5892162.65402,amplitude
247,20180101T170232Z,['DK.ILULI.'],0.0,2018-01-01T17:02:32.923392Z,232.04,1576.54234588,93732321.1184,amplitude
248,20180101T171416Z,['DK.ILULI.'],0.0,2018-01-01T17:14:16.323392Z,22.52,1221.01841406,15377845.3132,amplitude
249,20180101T171722Z,['DK.ILULI.'],0.0,2018-01-01T17:17:22.823392Z,11.54,1212.65479138,9045876.38619,amplitude
250,20180101T172304Z,['DK.ILULI.'],0.0,2018-01-01T17:23:04.483392Z,8.48,1392.2399367,5494963.54852,amplitude
251,20180101T172448Z,['DK.ILULI.'],0.0,2018-01-01T17:24:48.383392Z,7.88,1275.10620982,5104076.31413,amplitude
252,20180101T172628Z,['DK.ILULI.'],0.0,2018-01-01T17:26:28.003392Z,9.16,1103.75229274,5009104.12418,amplitude
253,20180101T173148Z,['DK.ILULI.'],0.0,2018-01-01T17:31:48.143392Z,91.76,1476.99550772,60343774.4369,amplitude
254,20180101T174123Z,['DK.ILULI.'],0.0,2018-01-01T17:41:23.543392Z,16.04,1440.7242014,15261439.1946,amplitude
255,20180101T174559Z,['DK.ILULI.'],0.0,2018-01-01T17:45:59.803392Z,8.68,1238.10850745,5829071.83678,amplitude
256,20180101T175027Z,['DK.ILULI.'],0.0,2018-01-01T17:50:27.963392Z,19.14,1476.40006235,16479966.4791,amplitude
257,20180101T175321Z,['DK.ILULI.'],0.0,2018-01-01T17:53:21.523392Z,125.02,1341.73563176,53802555.9094,amplitude
258,20180101T175742Z,['DK.ILULI.'],0.0,2018-01-01T17:57:42.263392Z,10.08,1217.87834445,5987834.01497,amplitude
259,20180101T180132Z,['DK.ILULI.'],0.0,2018-01-01T18:01:32.983392Z,10.68,1236.24914251,8213553.45675,amplitude
260,20180101T180316Z,['DK.ILULI.'],0.0,2018-01-01T18:03:16.403392Z,7.22,1267.8887587,4266480.49182,amplitude
261,20180101T181417Z,['DK.ILULI.'],0.0,2018-01-01T18:14:17.763392Z,19.6,1357.27129985,10309901.9772,amplitude
262,20180101T181555Z,['DK.ILULI.'],0.0,2018-01-01T18:15:55.243392Z,13.48,1053.10835239,5955959.23467,amplitude
263,20180101T182017Z,['DK.ILULI.'],0.0,2018-01-01T18:20:17.243392Z,3.54,1286.38134375,1317145.09685,amplitude
264,20180101T182854Z,['DK.ILULI.'],0.0,2018-01-01T18:28:54.683392Z,13.66,1334.0787612,10175951.8898,amplitude
265,20180101T183055Z,['DK.ILULI.'],0.0,2018-01-01T18:30:55.163392Z,43.44,1242.0735853,20549925.3904,amplitude
266,20180101T183252Z,['DK.ILULI.'],0.0,2018-01-01T18:32:52.443392Z,50.14,1265.16167703,18419172.0976,amplitude
267,20180101T183512Z,['DK.ILULI.'],0.0,2018-01-01T18:35:12.303392Z,14.14,1293.05579872,9040843.17181,amplitude
268,20180101T183636Z,['DK.ILULI.'],0.0,2018-01-01T18:36:36.103392Z,17.16,1602.59077349,17541305.5828,amplitude
269,20180101T184513Z,['DK.ILULI.'],0.0,2018-01-01T18:45:13.943392Z,149.86,1629.54301754,81519978.9105,amplitude
270,20180101T185046Z,['DK.ILULI.'],0.0,2018-01-01T18:50:46.363392Z,12.04,1335.90224711,8551512.76511,amplitude
271,20180101T185319Z,['DK.ILULI.'],0.0,2018-01-01T18:53:19.403392Z,10.32,1340.35300497,6390740.00015,amplitude
272,20180101T190116Z,['DK.ILULI.'],0.0,2018-01-01T19:01:16.883392Z,22.76,1349.6857117,16996990.8663,amplitude
273,20180101T190514Z,['DK.ILULI.'],0.0,2018-01-01T19:05:14.623392Z,31.72,1588.00675298,27536227.8963,amplitude
274,20180101T190923Z,['DK.ILULI.'],0.0,2018-01-01T19:09:23.323392Z,8.46,1370.27806035,6002758.21656,amplitude
275,20180101T191307Z,['DK.ILULI.'],0.0,2018-01-01T19:13:07.363392Z,9.36,1199.47457015,6459006.66721,amplitude
276,20180101T191534Z,['DK.ILULI.'],0.0,2018-01-01T19:15:34.783392Z,21.88,1407.9787888,17681599.6932,amplitude
277,20180101T192017Z,['DK.ILULI.'],0.0,2018-01-01T19:20:17.483392Z,13.46,1532.51135562,10861220.6973,amplitude
278,20180101T193053Z,['DK.ILULI.'],0.0,2018-01-01T19:30:53.943392Z,10.4,1160.56486913,6388501.16292,amplitude
279,20180101T193438Z,['DK.ILULI.'],0.0,2018-01-01T19:34:38.923392Z,7.12,1258.75134462,4383050.77434,amplitude
280,20180101T193611Z,['DK.ILULI.'],0.0,2018-01-01T19:36:11.423392Z,4.96,1229.09122937,1778833.15438,amplitude
281,20180101T193745Z,['DK.ILULI.'],0.0,2018-01-01T19:37:45.143392Z,22.88,1561.59214525,23022909.3766,amplitude
282,20180101T194005Z,['DK.ILULI.'],0.0,2018-01-01T19:40:05.943392Z,24.9,1414.45377027,19203217.6515,amplitude
283,20180101T194157Z,['DK.ILULI.'],0.0,2018-01-01T19:41:57.623392Z,14.12,1294.827012,10931177.867,amplitude
284,20180101T194340Z,['DK.ILULI.'],0.0,2018-01-01T19:43:40.483392Z,9.62,1200.99090751,5929978.97834,amplitude
285,20180101T194812Z,['DK.ILULI.'],0.0,2018-01-01T19:48:12.503392Z,12.54,1324.38787399,9455282.41599,amplitude
286,20180101T195255Z,['DK.ILULI.'],0.0,2018-01-01T19:52:55.423392Z,4.36,1346.30209399,2221012.6621,amplitude
287,20180101T195531Z,['DK.ILULI.'],0.0,2018-01-01T19:55:31.843392Z,45.7,1354.13221328,22251395.5466,amplitude
288,20180101T195800Z,['DK.ILULI.'],0.0,2018-01-01T19:58:00.923392Z,10.62,1249.8063779,8026496.76906,amplitude
289,20180101T200342Z,['DK.ILULI.'],0.0,2018-01-01T20:03:42.763392Z,50.68,1273.44700292,23143271.2691,amplitude
290,20180101T200817Z,['DK.ILULI.'],0.0,2018-01-01T20:08:17.523392Z,21.42,1356.28356689,14580505.3599,amplitude
291,20180101T200940Z,['DK.ILULI.'],0.0,2018-01-01T20:09:40.583392Z,56.0,1300.60386788,24011577.5269,amplitude
292,20180101T201154Z,['DK.ILULI.'],0.0,2018-01-01T20:11:54.843392Z,7.56,986.065267312,3638692.6076,amplitude
293,20180101T201531Z,['DK.ILULI.'],0.0,2018-01-01T20:15:31.703392Z,40.44,1415.18419425,29934295.0539,amplitude
294,20180101T201937Z,['DK.ILULI.'],0.0,2018-01-01T20:19:37.043392Z,35.2,1537.62114164,26674315.1365,amplitude
295,20180101T202118Z,['DK.ILULI.'],0.0,2018-01-01T20:21:18.503392Z,13.08,1447.55584868,8852052.39072,amplitude
296,20180101T202259Z,['DK.ILULI.'],0.0,2018-01-01T20:22:59.363392Z,17.22,1173.31709056,11316423.1662,amplitude
297,20180101T202839Z,['DK.ILULI.'],0.0,2018-01-01T20:28:39.103392Z,13.46,1735.81335205,12505739.0123,amplitude
298,20180101T204035Z,['DK.ILULI.'],0.0,2018-01-01T20:40:35.023392Z,18.14,1331.69148731,13889813.0324,amplitude
299,20180101T204732Z,['DK.ILULI.'],0.0,2018-01-01T20:47:32.803392Z,8.18,1334.54071818,5246305.64649,amplitude
300,20180101T205321Z,['DK.ILULI.'],0.0,2018-01-01T20:53:21.963392Z,40.32,1713.66451407,39342675.5463,amplitude
301,20180101T205553Z,['DK.ILULI.'],0.0,2018-01-01T20:55:53.003392Z,9.48,1486.76876004,6754653.23469,amplitude
302,20180101T210127Z,['DK.ILULI.'],0.0,2018-01-01T21:01:27.863392Z,58.42,1511.22170191,41139910.9911,amplitude
303,20180101T210409Z,['DK.ILULI.'],0.0,2018-01-01T21:04:09.423392Z,60.74,1543.06784608,47858855.8167,amplitude
304,20180101T210920Z,['DK.ILULI.'],0.0,2018-01-01T21:09:20.563392Z,4.88,1481.05699172,2252900.05763,amplitude
305,20180101T211053Z,['DK.ILULI.'],0.0,2018-01-01T21:10:53.583392Z,25.16,1296.29813093,23346604.8815,amplitude
306,20180101T211830Z,['DK.ILULI.'],0.0,2018-01-01T21:18:30.503392Z,9.62,1456.88754103,7056468.17863,amplitude
307,20180101T212721Z,['DK.ILULI.'],0.0,2018-01-01T21:27:21.663392Z,10.2,1535.77635728,7669915.50004,amplitude
308,20180101T213013Z,['DK.ILULI.'],0.0,2018-01-01T21:30:13.063392Z,9.52,1195.64590025,6696700.88688,amplitude
309,20180101T213159Z,['DK.ILULI.'],0.0,2018-01-01T21:31:59.003392Z,7.9,1198.31406952,5114362.01505,amplitude
310,20180101T213731Z,['DK.ILULI.'],0.0,2018-01-01T21:37:31.743392Z,25.02,1735.67294071,20010879.3099,amplitude
311,20180101T214011Z,['DK.ILULI.'],0.0,2018-01-01T21:40:11.963392Z,36.42,1410.57427638,20610708.9622,amplitude
312,20180101T214735Z,['DK.ILULI.'],0.0,2018-01-01T21:47:35.103392Z,27.78,1225.56908965,19700645.3003,amplitude
313,20180101T215903Z,['DK.ILULI.'],0.0,2018-01-01T21:59:03.423392Z,21.0,1244.24495989,12737573.5653,amplitude
314,20180101T220336Z,['DK.ILULI.'],0.0,2018-01-01T22:03:36.803392Z,2.9,1257.17150409,774070.223151,amplitude
315,20180101T220514Z,['DK.ILULI.'],0.0,2018-01-01T22:05:14.103392Z,4.1,1343.80023769,1794498.69524,amplitude
316,20180101T220720Z,['DK.ILULI.'],0.0,2018-01-01T22:07:20.903392Z,13.68,1172.22948075,8661443.56905,amplitude
317,20180101T220915Z,['DK.ILULI.'],0.0,2018-01-01T22:09:15.103392Z,11.36,1230.92571172,7046206.09343,amplitude
318,20180101T221651Z,['DK.ILULI.'],0.0,2018-01-01T22:16:51.723392Z,4.28,1495.79776475,2175292.86195,amplitude
319,20180101T221923Z,['DK.ILULI.'],0.0,2018-01-01T22:19:23.223392Z,20.9,1670.6659936,22967832.5236,amplitude
320,20180101T222144Z,['DK.ILULI.'],0.0,2018-01-01T22:21:44.683392Z,13.22,1433.26916355,11712688.7038,amplitude
321,20180101T222302Z,['DK.ILULI.'],0.0,2018-01-01T22:23:02.523392Z,14.34,1601.65782175,17304909.0685,amplitude
322,20180101T222554Z,['DK.ILULI.'],0.0,2018-01-01T22:25:54.043392Z,4.88,1372.01145631,2189077.46237,amplitude
323,20180101T222832Z,['DK.ILULI.'],0.0,2018-01-01T22:28:32.243392Z,10.48,1174.69848277,7253098.64297,amplitude
324,20180101T223239Z,['DK.ILULI.'],0.0,2018-01-01T22:32:39.083392Z,42.56,1212.61615648,18851125.2294,amplitude
325,20180101T223502Z,['DK.ILULI.'],0.0,2018-01-01T22:35:02.883392Z,15.16,1581.1336538,14717113.5789,amplitude
326,20180101T223743Z,['DK.ILULI.'],0.0,2018-01-01T22:37:43.263392Z,11.24,1437.85980466,9848491.03098,amplitude
327,20180101T223930Z,['DK.ILULI.'],0.0,2018-01-01T22:39:30.983392Z,12.82,1538.11930856,9852333.98561,amplitude
328,20180101T224604Z,['DK.ILULI.'],0.0,2018-01-01T22:46:04.943392Z,25.46,1437.15977421,17811430.1608,amplitude
329,20180101T225739Z,['DK.ILULI.'],0.0,2018-01-01T22:57:39.263392Z,15.56,1409.49376934,14228320.5949,amplitude
330,20180101T230131Z,['DK.ILULI.'],0.0,2018-01-01T23:01:31.183392Z,10.88,1538.41401179,10496916.3188,amplitude
331,20180101T230617Z,['DK.ILULI.'],0.0,2018-01-01T23:06:17.383392Z,51.68,1393.647071,24930026.9857,amplitude
332,20180101T231533Z,['DK.ILULI.'],0.0,2018-01-01T23:15:33.443392Z,77.04,1319.3201789,31592711.0022,amplitude
333,20180101T231804Z,['DK.ILULI.'],0.0,2018-01-01T23:18:04.243392Z,10.58,1262.14674328,8140728.68336,amplitude
334,20180101T232124Z,['DK.ILULI.'],0.0,2018-01-01T23:21:24.543392Z,6.82,1443.72930447,4501286.89667,amplitude
335,20180101T232943Z,['DK.ILULI.'],0.0,2018-01-01T23:29:43.043392Z,5.58,1382.8413739,4281202.43386,amplitude
336,20180101T233216Z,['DK.ILULI.'],0.0,2018-01-01T23:32:16.503392Z,149.1,1624.30746891,80115435.4717,amplitude
337,20180101T234004Z,['DK.ILULI.'],0.0,2018-01-01T23:40:04.583392Z,30.88,1805.08051712,25608532.5958,amplitude
338,20180101T234730Z,['DK.ILULI.'],0.0,2018-01-01T23:47:30.583392Z,131.88,1608.38074521,102974239.078,amplitude
339,20180101T235456Z,['DK.ILULI.'],0.0,2018-01-01T23:54:56.543392Z,90.68,1538.18960067,50752830.6423,amplitude
340,20180101T235802Z,['DK.ILULI.'],0.0,2018-01-01T23:58:02.183392Z,10.5,1593.04188797,7781172.21433,amplitude
